lid,date,image,site,mean.c2rcc_flags.img,mean.conc_chl.img,mean.conc_tsm.img,mean.iop_adet.img,mean.iop_adg.img,mean.iop_agelb.img,mean.iop_apig.img,mean.iop_atot.img,mean.iop_bpart.img,mean.iop_btot.img,mean.iop_bwit.img,mean.kd489.img,mean.kdmin.img,mean.kd_z90max.img,mean.latitude.img,mean.longitude.img,mean.pixel_classif_flags.img,mean.quality_flags.img,mean.rhow_10.img,mean.rhow_11.img,mean.rhow_12.img,mean.rhow_16.img,mean.rhow_17.img,mean.rhow_18.img,mean.rhow_1.img,mean.rhow_21.img,mean.rhow_2.img,mean.rhow_3.img,mean.rhow_4.img,mean.rhow_5.img,mean.rhow_6.img,mean.rhow_7.img,mean.rhow_8.img,mean.rhow_9.img,mean.rhown_10.img,mean.rhown_11.img,mean.rhown_12.img,mean.rhown_16.img,mean.rhown_17.img,mean.rhown_18.img,mean.rhown_1.img,mean.rhown_21.img,mean.rhown_2.img,mean.rhown_3.img,mean.rhown_4.img,mean.rhown_5.img,mean.rhown_6.img,mean.rhown_7.img,mean.rhown_8.img,mean.rhown_9.img,mean.rtoa_10.img,mean.rtoa_11.img,mean.rtoa_12.img,mean.rtoa_13.img,mean.rtoa_14.img,mean.rtoa_15.img,mean.rtoa_16.img,mean.rtoa_17.img,mean.rtoa_18.img,mean.rtoa_19.img,mean.rtoa_1.img,mean.rtoa_20.img,mean.rtoa_21.img,mean.rtoa_2.img,mean.rtoa_3.img,mean.rtoa_4.img,mean.rtoa_5.img,mean.rtoa_6.img,mean.rtoa_7.img,mean.rtoa_8.img,mean.rtoa_9.img,mean.unc_adet.img,mean.unc_adg.img,mean.unc_agelb.img,mean.unc_apig.img,mean.unc_atot.img,mean.unc_bpart.img,mean.unc_btot.img,mean.unc_bwit.img,mean.unc_chl.img,mean.unc_kd489.img,mean.unc_kdmin.img,mean.unc_kd_z90max.img,mean.unc_tsm.img,idpix,idepixflag,date_nzst.x,name,area,perimeter,loc_key,site_name,date_nzst.y,tss_insitu,var,dateDiff
12873,2020-12-14,S3B_OL_1_EFR____20201214T211826_20201214T212126_20201216T012704_0179_046_385_3600_LN1_O_NT_002.SEN3c2rcc.data,Lake Numiti,-1111701248,0.139011353254318,222.481796264648,55.9202079772949,59.5545692443848,3.63435888290405,0.00802870001643896,59.5625991821289,0.000936714000999928,291.713195800781,291.712219238281,72.4069442749023,30.6808910369873,0.0325935781002045,-38.1778564453125,174.728485107422,493.891418457031,-1861165568,0.012741289101541,0.0123183224350214,0.0181763749569654,0.0200731940567493,0.022915979847312,0.0221591982990503,0.000888098496943712,0.00629087816923857,0.000999754760414362,0.00141842197626829,0.00227395468391478,0.00288668880239129,0.0041089253500104,0.00735641596838832,0.0113499136641622,0.012402031570673,0.00849231705069542,0.00978132430464029,0.0124316634610295,0,0,0,0.000721752410754561,0,0.000877682818099856,0.00132618600036949,0.0020631814841181,0.00240263855084777,0.00331357261165977,0.00519682234153152,0.00771737704053521,0.00837666727602482,0.0633730813860893,0.106531724333763,0.205655589699745,0.0519831031560898,0.0961026549339294,0.183277934789658,0.211246594786644,0.221956685185432,0.222078740596771,0.160108864307404,0.2408507168293,0.0586093217134476,0.228290915489197,0.221613556146622,0.177307039499283,0.130361184477806,0.117660142481327,0.104414157569408,0.076868399977684,0.0656209662556648,0.0638512223958969,5.96629619598389,5.79894161224365,0.967375338077545,0.00572444079443812,6.27229690551758,0.000687382067553699,41.1431007385254,35.5171127319336,0.0977826192975044,4.50010919570923,1.90682458877563,0.00215994077734649,35.1539115905762,0,OK,2020-12-15,Lake Numiti,157611.734375,1909.74134765716,3108_1,Lakes Numiti,2020-12-15,10,TSS,0
14406,2021-03-23,S3B_OL_1_EFR____20210323T215206_20210323T215506_20210325T021642_0179_050_257_3600_LN1_O_NT_002.SEN3c2rcc.data,Lake Ngaroto,-1488242560,83.6476058959961,33.3544082641602,9.32185459136963,11.5956563949585,2.27380180358887,3.77682065963745,15.3724775314331,13.3068790435791,38.9334144592285,25.6265335083008,14.6295680999756,6.70114421844482,0.150082245469093,-37.9556846618652,175.289093017578,314.350555419922,-1775422848,0.00657688500359654,0.0101571930572391,0.00679527968168259,0.00762629648670554,0.00430938554927707,0.00373730016872287,0.00313938432373106,0.000730555562768131,0.00329406908713281,0.0037706505972892,0.00476253777742386,0.00526469526812434,0.00639943452551961,0.00709614064544439,0.00641769217327237,0.00613267626613379,0.00630075298249722,0.0090088527649641,0.00661612767726183,0,0,0,0.00326812523417175,0,0.00345197273418307,0.00392211973667145,0.0048830034211278,0.00534441415220499,0.00659970473498106,0.00709178205579519,0.00623459136113524,0.00596039602532983,0.0442647039890289,0.0698281452059746,0.0743411183357239,0.0196812003850937,0.0367623195052147,0.0661403611302376,0.074045330286026,0.0654307976365089,0.0629771277308464,0.0416925735771656,0.161950677633286,0.0118136061355472,0.0745495110750198,0.148436367511749,0.118939407169819,0.0887337625026703,0.0797741934657097,0.0696467310190201,0.0543207675218582,0.0455783978104591,0.0442084781825542,0.843378663063049,0.888504445552826,0.298053503036499,0.272771507501602,0.990361988544464,1.92499160766602,3.50726103782654,2.82824778556824,5.4381856918335,0.736841022968292,0.337542176246643,0.00794733688235283,3.45515990257263,0,OK,2021-03-24,Lake Ngaroto,918030.140625,5024.49269340399,303_17,Lake Ngaroto,2021-03-24,52,TSS,0
14406,2021-06-21,S3A_OL_1_EFR____20210621T215759_20210621T220059_20210623T024251_0179_073_143_3600_LN1_O_NT_002.SEN3c2rcc.data,Lake Ngaroto,-2147458560,5.01086139678955,112.138374328613,43.5364074707031,47.9224128723145,4.3860034942627,0.23676498234272,48.1591796875,3.69213032722473,143.145690917969,139.453552246094,57.6305503845215,23.7851943969727,0.0792939215898514,-37.9554023742676,175.289031982422,0,-1610612864,0.00774328783154488,0.00789570435881615,0.00880156084895134,0.00972372852265835,0.0104482248425484,0.0100967353209853,0.00184429110959172,0.00296060577966273,0.00199593743309379,0.00247374270111322,0.00349547457881272,0.00411371141672134,0.00535423960536718,0.00617821794003248,0.00708319479599595,0.00744632817804813,0.0069313570857048,0.00769868539646268,0.00757166650146246,0,0,0,0.00186846440192312,0,0.00207984633743763,0.0026810213457793,0.00366121716797352,0.00399972172454,0.0050155664794147,0.00579721527174115,0.00662644393742085,0.00684350403025746,0.0460985861718655,0.0563162714242935,0.0726187005639076,0.0161516424268484,0.0333198830485344,0.0645929872989655,0.0709875971078873,0.0631225407123566,0.0590905025601387,0.0380826592445374,0.194778025150299,0.010624947026372,0.069412998855114,0.179643914103508,0.144301801919937,0.106088511645794,0.0940615460276604,0.0757232531905174,0.0570623464882374,0.0476107560098171,0.0460900105535984,5.55832242965698,5.27160930633545,1.03827631473541,0.0245536584407091,5.2563738822937,1.69146132469177,20.1118011474609,18.976692199707,0.464758455753326,4.10931730270386,1.66376709938049,0.00496027385815978,17.6665115356445,0,OK,2021-06-22,Lake Ngaroto,918030.140625,5024.49269340399,303_17,Lake Ngaroto,2021-06-22,22,TSS,0
15022,2021-03-23,S3B_OL_1_EFR____20210323T215206_20210323T215506_20210325T021642_0179_050_257_3600_LN1_O_NT_002.SEN3c2rcc.data,Lake Rotoroa,-1320327936,0.892377912998199,0.527280628681183,13.0572233200073,24.0841064453125,11.0268840789795,0.0474807731807232,24.1315898895264,0.354870438575745,0.4863421022892,0.131471663713455,28.2677154541016,9.02834320068359,1.47118735313416,-37.7994728088379,175.275527954102,394.409027099609,-1817396736,0.00265537458471954,0.00166570383589715,0.0016115166945383,0.00180689280387014,0.00215872563421726,0.00213107815943658,0.00113488279748708,0.000698133313562721,0.00127875991165638,0.00179832184221596,0.00284100905992091,0.00331540312618017,0.00383669137954712,0.00250335526652634,0.00247566169127822,0.00264656380750239,0.00271282973699272,0.00213599321432412,0.00122021208517253,0,0,0,0.00122862705029547,0,0.00148109986912459,0.00221825018525124,0.00308599416166544,0.00321781495586038,0.00337163638323545,0.00288902735337615,0.00276597682386637,0.00275599444285035,0.0584094673395157,0.0756866782903671,0.127700477838516,0.0354561768472195,0.0655409470200539,0.117413058876991,0.131948247551918,0.141928791999817,0.142502889037132,0.0972253158688545,0.16758781671524,0.0295963454991579,0.152733087539673,0.155115067958832,0.126599833369255,0.0973229482769966,0.0886431485414505,0.0787771791219711,0.0643530189990997,0.0593547970056534,0.058591116219759,3.73976588249207,5.77576684951782,3.27247166633606,0.0191202107816935,6.94633007049561,0.165962994098663,0.141586765646935,0.0521694719791412,0.345466107130051,4.33902072906494,1.37641751766205,0.136634454131126,0.166635051369667,0,OK,2021-03-24,Lake Rotoroa,519612.640625,3682.0549171255,319_1,Lake Rotoroa (Hamilton lake),2021-03-24,2,TSS,0
15022,2021-06-21,S3A_OL_1_EFR____20210621T215759_20210621T220059_20210623T024251_0179_073_143_3600_LN1_O_NT_002.SEN3c2rcc.data,Lake Rotoroa,-1184772352,11.5401420593262,5.22690439224243,6.11555576324463,8.3126974105835,2.1971423625946,0.555955350399017,8.86865329742432,1.70837593078613,5.57296133041382,3.86458539962769,9.12154006958008,4.4430103302002,1.02254927158356,-37.7994918823242,175.275436401367,459.053436279297,-1851288960,0.00123642489779741,0.00109118223190308,0.000800583802629262,0.000869119598064572,0.000609184382483363,0.000553514866624027,0.000650045170914382,0.000143063967698254,0.000698371906764805,0.000868639501277357,0.00114131532609463,0.00125556439161301,0.00143086619209498,0.00125455646775663,0.0011511945631355,0.00119291711598635,0.00133781274780631,0.0012350445613265,0.000823717855382711,0,0,0,0.000737984373699874,0,0.000818665081169456,0.00102398067247123,0.00129809591453522,0.00136269850190729,0.00149260088801384,0.00133290444500744,0.00125506066251546,0.00128844531718642,0.0458159521222115,0.0544981248676777,0.0861354023218155,0.0210244208574295,0.0409952402114868,0.0777074918150902,0.0866800844669342,0.0860778018832207,0.0843489989638329,0.0556121878325939,0.19679519534111,0.0161148551851511,0.0899923071265221,0.181902781128883,0.146287634968758,0.107153028249741,0.0942978411912918,0.0740112215280533,0.0540417693555355,0.0476118586957455,0.0464944913983345,0.629916489124298,0.849062919616699,0.366211920976639,0.112772598862648,0.931669175624847,0.290403991937637,0.578305006027222,0.496940135955811,2.19082379341125,0.520715177059174,0.255183637142181,0.0901830121874809,0.622028648853302,0,OK,2021-06-22,Lake Rotoroa,519612.640625,3682.0549171255,319_1,Lake Rotoroa (Hamilton lake),2021-06-22,4,TSS,0
15034,2020-02-11,S3A_OL_1_EFR____20200211T211638_20200211T211938_20200213T011040_0179_054_385_3600_LN1_O_NT_002.SEN3c2rcc.data,Lake Areare,-1247133696,0.303059875965118,248.388412475586,57.3014717102051,57.6469497680664,0.345476359128952,0.0169865414500237,57.663932800293,0.00108502444345504,327.897613525391,327.896514892578,72.5174789428711,30.7962093353271,0.0324715301394463,-37.6671752929688,175.201034545898,429.311279296875,-1827307008,0.0155298979952931,0.0159394573420286,0.0228716917335987,0.0252031143754721,0.0274919588118792,0.0263991691172123,0.0015086424537003,0.00722967367619276,0.00163921527564526,0.0021567300427705,0.00321679934859276,0.00401169713586569,0.00544210523366928,0.00948404520750046,0.0140324961394072,0.0150966085493565,0.0100919613614678,0.0119124222546816,0.0154239246621728,0,0,0,0.00115718424785882,0,0.00133986980654299,0.00186630978714675,0.0027102823369205,0.00310445996001363,0.00415508728474379,0.00630390830338001,0.00932580884546041,0.0100355166941881,0.132088243961334,0.158094167709351,0.220931574702263,0.0568517707288265,0.107581652700901,0.201259925961494,0.229120284318924,0.251162558794022,0.252603113651276,0.157489314675331,0.286841541528702,0.0387628860771656,0.287096947431564,0.265800923109055,0.220613807439804,0.173528462648392,0.159236878156662,0.13999155163765,0.127012729644775,0.130072996020317,0.131136626005173,6.46237993240356,6.13624334335327,0.247489705681801,0.0136664155870676,6.21268892288208,0.000762387819122523,47.7791595458984,32.8872833251953,0.241713061928749,4.67346334457397,1.98469340801239,0.00223681353963912,40.4714279174805,0,OK,2020-02-12,Lake Areare,304449.380859375,2759.87727005546,290_2,Lake Areare,2020-02-12,9,TSS,0
21370,2020-12-16,S3A_OL_1_EFR____20201216T210523_20201216T210823_20201218T001619_0179_066_171_3600_LN1_O_NT_002.SEN3c2rcc.data,Lake Rotopounamu,-2124594944,0.516951739788055,0.195187374949455,0.0794851332902908,0.111802719533443,0.0323175862431526,0.0283831879496574,0.140185907483101,0.0445714183151722,0.165933325886726,0.121361911296844,0.126362174749374,0.129976943135262,7.70078802108765,-39.0269317626953,175.737030029297,285.975830078125,-1607946240,0.000459987408248708,0.000220286499825306,6.64424005663022e-05,7.12393448338844e-05,2.89251220237929e-05,2.42358728428371e-05,0.00384560273960233,4.34429648521473e-06,0.00403619976714253,0.00420794822275639,0.00428956095129251,0.00343540776520967,0.00244312593713403,0.000752744730561972,0.000461206975160167,0.000467296136775985,0.000466014200355858,0.000227408629143611,6.67703134240583e-05,0,0,0,0.00429530395194888,0,0.00450838543474674,0.00468176882714033,0.00445946725085378,0.00359782436862588,0.00253614783287048,0.000773399893660098,0.000476145709399134,0.000478128757094964,0.0454015210270882,0.0665320232510567,0.114925928413868,0.0339728482067585,0.0620385073125362,0.106464825570583,0.116804301738739,0.121913805603981,0.121059887111187,0.0993650779128075,0.252224266529083,0.0524897687137127,0.134553968906403,0.230502158403397,0.183777987957001,0.133216291666031,0.117774851620197,0.0953195840120316,0.060947597026825,0.0486388392746449,0.0466692671179771,0.00948124565184116,0.00915669463574886,0.00242972373962402,0.00474755465984344,0.00636599538847804,0.0106363752856851,0.0153942806646228,0.0176241062581539,0.0804933160543442,0.00469997990876436,0.00483480840921402,0.297736048698425,0.0207854267209768,0,OK,2020-12-17,Lake Rotopounamu,851262.653320312,3833.0978606467,3226_1,Lake Rotopounamu,2020-12-17,2,TSS,0
41314,2017-12-20,S3A_OL_1_EFR____20171220T211628_20171220T211928_20171222T015111_0180_025_385_3599_LN1_O_NT_002.SEN3c2rcc.data,Lake Waahi,-2147483648,20.9732265472412,65.2228393554688,2.04158353805542,5.68129539489746,3.63971185684204,0.998209416866302,6.67950487136841,4.74189615249634,79.3167572021484,74.5748672485352,6.65080547332764,3.12934637069702,0.320519745349884,-37.5575866699219,175.128936767578,0,-1602224128,0.0427432991564274,0.0514630787074566,0.0240125264972448,0.0265432000160217,0.0121461357921362,0.0102441944181919,0.013055038638413,0.00171524076722562,0.0144316256046295,0.018938597291708,0.0294518545269966,0.0364202260971069,0.0525076761841774,0.0557660721242428,0.0445282720029354,0.0412059091031551,0.0306213777512312,0.0377765670418739,0.0169741865247488,0,0,0,0.00983533728867769,0,0.0110300946980715,0.0146766481921077,0.0224122833460569,0.0264754313975573,0.0376835502684116,0.040496252477169,0.0319589227437973,0.0292470101267099,0.109674721956253,0.110043726861477,0.0768252462148666,0.0216106791049242,0.0387239530682564,0.0678351372480392,0.0737010389566422,0.0480614751577377,0.0419954843819141,0.0258652791380882,0.260289460420609,0.00647957110777497,0.0411567501723766,0.240654692053795,0.199598535895348,0.16096656024456,0.15225413441658,0.142883002758026,0.123019531369209,0.113151215016842,0.110043071210384,0.220108479261398,0.718138158321381,0.554531216621399,0.106801226735115,0.69653731584549,1.27231049537659,10.4268579483032,9.43915462493896,2.05341601371765,0.447488784790039,0.200344324111938,0.022182809188962,9.61386108398438,0,OK,2017-12-21,Lake Waahi,4447101.08300781,14642.0266508633,324_2,Lake Waahi,2017-12-21,45,TSS,0
41314,2019-02-14,S3B_OL_1_EFR____20190214T220306_20190214T220606_20200111T205956_0179_022_086_3600_MR1_R_NT_002.SEN3c2rcc.data,Lake Waahi,-2147473664,23.5084037780762,39.1740875244141,1.86345732212067,2.63631844520569,0.772861242294312,1.11383485794067,3.75015330314636,30.0954647064209,46.1862258911133,16.0907611846924,3.9456901550293,2.34523034095764,0.432267069816589,-37.5585479736328,175.128723144531,0,-1606418560,0.0273122172802687,0.032767828553915,0.0123833771795034,0.0137716708704829,0.00546660320833325,0.00451231142506003,0.019377525895834,0.000705151236616075,0.0204935390502214,0.0235753301531076,0.0306738093495369,0.0350043475627899,0.0449280440807343,0.039888221770525,0.0283726789057255,0.0259941946715117,0.024377528578043,0.0292795468121767,0.0113883893936872,0,0,0,0.0179974250495434,0,0.0191685296595097,0.0220330730080605,0.0287727080285549,0.0320351235568523,0.0410350449383259,0.0367289073765278,0.0259366352111101,0.0234304685145617,0.0491360798478127,0.0561352372169495,0.0274292007088661,0.00829692091792822,0.0139612900093198,0.0237539708614349,0.0256839822977781,0.0135979102924466,0.0106560960412025,0.00631695427000523,0.143096029758453,0.00204802304506302,0.0113672511652112,0.131746888160706,0.107009969651699,0.0856291130185127,0.082764595746994,0.0863469988107681,0.0702750757336617,0.0532549880445004,0.0494503527879715,0.159570291638374,0.260236859321594,0.126396089792252,0.0968905165791512,0.294464528560638,3.67882871627808,4.08492183685303,4.43727970123291,1.85403895378113,0.211529687047005,0.12308719009161,0.0283335112035275,3.98505878448486,0,OK,2019-02-15,Lake Waahi,4447101.08300781,14642.0266508633,324_2,Lake Waahi,2019-02-15,35,TSS,0
41314,2020-09-03,S3B_OL_1_EFR____20200903T220318_20200903T220618_20200905T020219_0179_043_086_3600_LN1_O_NT_002.SEN3c2rcc.data,Lake Waahi,-2147474432,10.0674200057983,44.8466339111328,1.15324950218201,2.14896440505981,0.995715022087097,0.493030667304993,2.64199495315552,0.0305102672427893,53.281421661377,53.2509078979492,3.37673473358154,2.04089188575745,0.49048638343811,-37.5579643249512,175.129928588867,0,-1610612864,0.0420129224658012,0.0442676693201065,0.0165396761149168,0.0184430610388517,0.00740864034742117,0.00613834522664547,0.0097126392647624,0.000971649482380599,0.0113991275429726,0.0169820580631495,0.0302831009030342,0.0382968187332153,0.057471290230751,0.0559597201645374,0.0434233136475086,0.0405737981200218,0.0372003354132175,0.0402734838426113,0.0144192017614841,0,0,0,0.00904460065066814,0,0.0107874721288681,0.0161832496523857,0.0283013768494129,0.0346602872014046,0.0513482876121998,0.0515235848724842,0.0392949730157852,0.0358937047421932,0.0829597413539886,0.0772133842110634,0.0406442657113075,0.0116291996091604,0.0195452645421028,0.0349705144762993,0.0382766611874104,0.0228344667702913,0.0194733291864395,0.0144923618063331,0.162699848413467,0.00629987800493836,0.0170194264501333,0.150661408901215,0.125464469194412,0.10719707608223,0.10552453994751,0.108562111854553,0.0919886156916618,0.0878502875566483,0.0841013342142105,0.141632199287415,0.302791118621826,0.170885488390923,0.0707691237330437,0.307798802852631,0.0255932100117207,12.7574663162231,8.11832046508789,1.33679986000061,0.324677795171738,0.194916069507599,0.0526916459202766,11.6574487686157,0,OK,2020-09-04,Lake Waahi,4447101.08300781,14642.0266508633,324_2,Lake Waahi,2020-09-04,30,TSS,0
49180,2017-12-20,S3A_OL_1_EFR____20171220T211628_20171220T211928_20171222T015111_0180_025_385_3599_LN1_O_NT_002.SEN3c2rcc.data,Lake Whangape,-1919472000,24.4486293792725,153.094268798828,9.75930690765381,28.1913509368896,18.4320430755615,1.15735495090485,29.3487033843994,5.07788610458374,196.438507080078,191.360610961914,23.4959011077881,7.60350036621094,0.131559252738953,-37.4651336669922,175.063095092773,108.71410369873,-1659221632,0.0455805845558643,0.0529311373829842,0.0369321294128895,0.0413066335022449,0.0273758601397276,0.0245583895593882,0.00231579970568419,0.0051745674572885,0.00294477911666036,0.00558750843629241,0.0135544613003731,0.0193250346928835,0.0346131809055805,0.0453097335994244,0.0456895045936108,0.0443508103489876,0.0314112156629562,0.0387121848762035,0.0242524072527885,0,0,0,0.00186251662671566,0,0.00244290893897414,0.00466063804924488,0.010236301459372,0.0138663221150637,0.0240664090961218,0.032981064170599,0.032201774418354,0.0308761093765497,0.115902401506901,0.146452575922012,0.141259089112282,0.0381358191370964,0.0698762312531471,0.126332774758339,0.142287254333496,0.112679153680801,0.102948412299156,0.0653680488467216,0.262477695941925,0.0156749188899994,0.0852864161133766,0.242756128311157,0.200618967413902,0.160360425710678,0.151654869318008,0.145956546068192,0.130350857973099,0.118971593677998,0.114198178052902,1.06165039539337,4.8841552734375,3.49437999725342,0.150788336992264,4.9997673034668,4.50205421447754,36.9886627197266,33.9499931335449,2.93669676780701,2.36995553970337,0.76509553194046,0.0149093624204397,31.7928867340088,0,OK,2017-12-21,Lake Whangape,10788650.3642578,29850.4848075585,330_14,Lake Whangape,2017-12-21,142,TSS,0
49180,2019-02-14,S3B_OL_1_EFR____20190214T220306_20190214T220606_20200111T205956_0179_022_086_3600_MR1_R_NT_002.SEN3c2rcc.data,Lake Whangape,-2128273280,32.6776657104492,259.686370849609,42.9607925415039,44.3028335571289,1.34204053878784,1.5038640499115,45.8067016601562,71.5118942260742,343.780120849609,272.268218994141,52.4278678894043,22.6137466430664,0.0469831824302673,-37.4643363952637,175.063705444336,9.15451145172119,-1611218048,0.0224170722067356,0.0276679657399654,0.0265080723911524,0.0293584614992142,0.0241418089717627,0.0223154928535223,0.00940395426005125,0.00533643597736955,0.0101350443437696,0.0115547152236104,0.0134197389706969,0.0139194428920746,0.0159144569188356,0.0194862578064203,0.021627115085721,0.0216073263436556,0.0202826298773289,0.0236203800886869,0.0234221387654543,0,0,0,0.00923002697527409,0,0.00963785964995623,0.0107118496671319,0.0125139830633998,0.0133678885176778,0.0153277944773436,0.0174238551408052,0.0194758474826813,0.0196191407740116,0.0497869662940502,0.137645244598389,0.137421622872353,0.0379587896168232,0.067579597234726,0.123646654188633,0.142980068922043,0.108824335038662,0.0988856554031372,0.0600435771048069,0.147308230400085,0.0118152471259236,0.0618418976664543,0.134857445955276,0.106172226369381,0.0832506865262985,0.0794897302985191,0.0978881493210793,0.061752125620842,0.0577791258692741,0.0506731197237968,4.63626146316528,4.43321752548218,0.302306950092316,0.185545697808266,4.70100069046021,12.293719291687,42.0395011901855,25.3018112182617,3.70046138763428,3.14948606491089,1.363365650177,0.0031380217988044,35.8443374633789,0,OK,2019-02-15,Lake Whangape,10788650.3642578,29850.4848075585,330_14,Lake Whangape,2019-02-15,136,TSS,0
49180,2020-07-08,S3B_OL_1_EFR____20200708T214053_20200708T214353_20200710T014727_0179_041_043_3600_LN1_O_NT_002.SEN3c2rcc.data,Lake Whangape,-1646394240,28.8559951782227,41.870792388916,3.28752517700195,14.8894958496094,11.6019706726074,1.35534834861755,16.2448444366455,1.70429873466492,49.6026496887207,47.8983535766602,14.6933040618896,4.9486198425293,0.207148656249046,-37.4651794433594,175.063095092773,238.93798828125,-1733111936,0.0246600490063429,0.029971657320857,0.0153326103463769,0.0171970948576927,0.00843875855207443,0.00719178887084126,0.00159598584286869,0.00126810686197132,0.00199474929831922,0.00361859705299139,0.00865691248327494,0.0124131729826331,0.0226687900722027,0.0278920661658049,0.0250040199607611,0.023680504411459,0.0204653218388557,0.0260285865515471,0.012519022449851,0,0,0,0.00158402824308723,0,0.00202962942421436,0.00364285591058433,0.00799793750047684,0.0108491675928235,0.0193813610821962,0.0246207322925329,0.0208795852959156,0.0197720471769571,0.0915160998702049,0.103160865604877,0.0927402377128601,0.0214489083737135,0.035509992390871,0.0764343366026878,0.091461107134819,0.0760525539517403,0.0713122561573982,0.0488598197698593,0.236818462610245,0.0178991816937923,0.0610396675765514,0.220245137810707,0.184643864631653,0.145513713359833,0.133702218532562,0.117642134428024,0.100457839667797,0.0945446044206619,0.0915282741189003,0.451134860515594,3.42053937911987,2.89485383033752,0.170706734061241,3.55620360374451,1.50883162021637,12.5126447677612,11.4584665298462,3.34428548812866,1.7043604850769,0.572625041007996,0.0261469520628452,11.4383955001831,0,OK,2020-07-09,Lake Whangape,10788650.3642578,29850.4848075585,330_14,Lake Whangape,2020-07-09,65,TSS,0
49180,2020-09-03,S3B_OL_1_EFR____20200903T220318_20200903T220618_20200905T020219_0179_043_086_3600_LN1_O_NT_002.SEN3c2rcc.data,Lake Whangape,-1992113152,9.78618907928467,26.7162055969238,2.71697974205017,8.8988094329834,6.18183088302612,0.472442269325256,9.37125301361084,1.17161118984222,31.1192417144775,29.9476318359375,6.68837928771973,2.70550084114075,0.375448107719421,-37.465446472168,175.062438964844,74.0864334106445,-1649455360,0.0154356583952904,0.0169493313878775,0.00715251360088587,0.00802451465278864,0.00351591687649488,0.0029528948944062,0.00232145912013948,0.000504351628478616,0.00264886091463268,0.00383493397384882,0.00723973475396633,0.00963467359542847,0.0162765309214592,0.0182114280760288,0.0155246974900365,0.0148007096722722,0.0135766416788101,0.015194745734334,0.00628788350149989,0,0,0,0.00225216709077358,0,0.00262414291501045,0.00383240473456681,0.00696427747607231,0.00887555256485939,0.0146857537329197,0.0169529058039188,0.0139191560447216,0.0131647866219282,0.0551520027220249,0.075285293161869,0.0620919093489647,0.0163531377911568,0.0295795872807503,0.054922591894865,0.0619423165917397,0.0539886988699436,0.0518447682261467,0.041639156639576,0.157979920506477,0.0213901940733194,0.0523213818669319,0.145147070288658,0.116420671343803,0.0905574783682823,0.0853403359651566,0.0849573537707329,0.0713880956172943,0.059625081717968,0.0553310811519623,0.281233757734299,1.3819864988327,1.08610451221466,0.0675407201051712,1.39595913887024,0.3271803855896,4.91923761367798,5.15630722045898,1.28848385810852,0.504348516464233,0.203011825680733,0.0301442388445139,4.69050788879395,0,OK,2020-09-04,Lake Whangape,10788650.3642578,29850.4848075585,330_14,Lake Whangape,2020-09-04,28,TSS,0
49180,2021-08-03,S3A_OL_1_EFR____20210803T214258_20210803T214558_20210805T023013_0179_074_371_3600_LN1_O_NT_002.SEN3c2rcc.data,Lake Whangape,-2147476992,29.4253082275391,67.5309600830078,6.42437648773193,16.79905128479,10.3746747970581,1.37640011310577,18.1754512786865,0.360288709402084,82.8056106567383,82.4453201293945,18.7283687591553,6.9758620262146,0.176781892776489,-37.464672088623,175.06396484375,0,-1610612736,0.0224330630153418,0.0275989752262831,0.0163210444152355,0.0182642247527838,0.0105287460610271,0.00924738962203264,0.0015045078471303,0.00185907760169357,0.00182847771793604,0.00315877120010555,0.00718400534242392,0.0102412095293403,0.0184978451579809,0.0239268001168966,0.0225236471742392,0.0215514618903399,0.0186849515885115,0.0242627747356892,0.013366368599236,0,0,0,0.00149584328755736,0,0.00188468908891082,0.00325784855522215,0.0067560370080173,0.00901877693831921,0.0159177798777819,0.0211034938693047,0.0188377983868122,0.0180780813097954,0.0858906283974648,0.117629125714302,0.0990883931517601,0.0240512657910585,0.0451232753694057,0.0864655897021294,0.0987089946866035,0.0775883942842484,0.0714124739170074,0.0497773587703705,0.217459470033646,0.017673360183835,0.0599372088909149,0.202117845416069,0.167026236653328,0.132514804601669,0.12391059845686,0.115757897496223,0.102767959237099,0.0900130122900009,0.0848489254713058,0.737562477588654,2.10729694366455,1.73538553714752,0.184206917881966,2.12214422225952,0.322287440299988,13.9982633590698,13.2252607345581,3.62779712677002,1.36345028877258,0.500181317329407,0.0143804820254445,12.6272649765015,0,OK,2021-08-04,Lake Whangape,10788650.3642578,29850.4848075585,330_14,Lake Whangape,2021-08-04,103,TSS,0
49186,2020-07-08,S3B_OL_1_EFR____20200708T214053_20200708T214353_20200710T014727_0179_041_043_3600_LN1_O_NT_002.SEN3c2rcc.data,Lake Rotongaro,-2147483648,24.1690578460693,71.6250534057617,1.81067216396332,2.46532917022705,0.654656827449799,1.1446305513382,3.60996007919312,8.74554538726807,87.5856552124023,78.8401107788086,6.37356376647949,4.05887222290039,0.246511548757553,-37.485897064209,175.11833190918,0,-1610559360,0.0498985350131989,0.0614654496312141,0.0289017073810101,0.031774390488863,0.014526673592627,0.0122442403808236,0.0212341379374266,0.00203376775607467,0.0230857860296965,0.0287400782108307,0.0409436449408531,0.0488588288426399,0.0662361606955528,0.0681542009115219,0.052513562142849,0.0481298230588436,0.0431479774415493,0.0554723218083382,0.0250823646783829,0,0,0,0.0185233969241381,0,0.0203896332532167,0.0259279310703278,0.0371845550835133,0.0426656901836395,0.0574562251567841,0.0587874874472618,0.0450425371527672,0.0410497635602951,0.104368664324284,0.111396484076977,0.0740357115864754,0.0168319828808308,0.0283009000122547,0.0596916563808918,0.0695461705327034,0.0394139587879181,0.0317278355360031,0.0194103494286537,0.236601501703262,0.00593414297327399,0.0192256085574627,0.220649629831314,0.185159429907799,0.147595271468163,0.136140763759613,0.120707176625729,0.110619992017746,0.106808423995972,0.103983953595161,0.163217559456825,0.183399751782417,0.10818936675787,0.0960389599204063,0.203474089503288,1.95679259300232,7.970374584198,8.13266944885254,1.83642327785492,0.28680619597435,0.182725489139557,0.011602426879108,7.4889931678772,0,OK,2020-07-09,Lake Rotongaro,2838968.74023438,9338.80595485353,318_3,Lake Rotongaro,2020-07-09,57,TSS,0
49186,2020-09-03,S3B_OL_1_EFR____20200903T220318_20200903T220618_20200905T020219_0179_043_086_3600_LN1_O_NT_002.SEN3c2rcc.data,Lake Rotongaro,-2147483648,19.4986209869385,134.104827880859,3.12297487258911,7.29692459106445,4.1739501953125,0.931098401546478,8.22802352905273,0.0603668130934238,170.590103149414,170.529739379883,12.3365287780762,5.51519298553467,0.182611256837845,-37.4864540100098,175.117095947266,0.442803740501404,-1610612608,0.0649147406220436,0.0794107913970947,0.0474779792129993,0.0519786551594734,0.0294023919850588,0.0257456693798304,0.0106828389689326,0.00491741113364697,0.0121215358376503,0.0177709981799126,0.0319253951311111,0.0427207909524441,0.0661686956882477,0.0790508389472961,0.0679630413651466,0.0632821246981621,0.059314988553524,0.0787357985973358,0.0423620939254761,0,0,0,0.00982402451336384,0,0.0116161741316319,0.0174797307699919,0.0306284874677658,0.0377599485218525,0.0589342340826988,0.070363461971283,0.0603655651211739,0.0559846498072147,0.0935903787612915,0.111845470964909,0.0664409995079041,0.0158231854438782,0.0298990644514561,0.0569108910858631,0.0638079047203064,0.0320587605237961,0.0238044559955597,0.0148456217721105,0.162231281399727,0.00106570078060031,0.0109928902238607,0.149801090359688,0.124666921794415,0.103526093065739,0.100548230111599,0.103000894188881,0.102708525955677,0.0965875461697578,0.0926182866096497,0.418928295373917,1.18124771118164,0.818416237831116,0.140086352825165,1.42231154441833,0.0542172789573669,44.370246887207,27.7367992401123,2.7194356918335,1.57731342315674,0.724658012390137,0.0274466928094625,37.6427536010742,0,OK,2020-09-04,Lake Rotongaro,2838968.74023438,9338.80595485353,318_3,Lake Rotongaro,2020-09-04,47,TSS,0
49186,2021-08-03,S3A_OL_1_EFR____20210803T214258_20210803T214558_20210805T023013_0179_074_371_3600_LN1_O_NT_002.SEN3c2rcc.data,Lake Rotongaro,-2147478016,25.6674327850342,44.7711029052734,2.71503877639771,3.76098799705505,1.04594922065735,1.21263265609741,4.97362089157104,0.360207140445709,53.186954498291,52.8267478942871,6.47026634216309,3.72217011451721,0.268871426582336,-37.4865341186523,175.117919921875,0,-1610612864,0.0226502008736134,0.0300044436007738,0.0146096805110574,0.016170933842659,0.00751421973109245,0.00634725904092193,0.00656670797616243,0.00108599488157779,0.0071886102668941,0.0093687642365694,0.0147684458643198,0.0185361932963133,0.0268093757331371,0.0292714461684227,0.0233139786869287,0.0215409640222788,0.019450556486845,0.0263072084635496,0.0123434513807297,0,0,0,0.0060860556550324,0,0.00680668000131845,0.00895833596587181,0.0135812573134899,0.0160510744899511,0.0231406576931477,0.0254971440881491,0.0200312491506338,0.0183192733675241,0.0613469816744328,0.0705853477120399,0.0477849133312702,0.0128339175134897,0.0226760450750589,0.0408824309706688,0.0442358516156673,0.0267476327717304,0.0228484496474266,0.015293350443244,0.215882331132889,0.00633045611903071,0.0249323472380638,0.19923734664917,0.160970851778984,0.120719961822033,0.107703916728497,0.0890554189682007,0.0718479678034782,0.0639919191598892,0.0609112530946732,0.269528478384018,0.289745986461639,0.17419296503067,0.126417845487595,0.294484943151474,0.2197026014328,5.9323673248291,6.28760242462158,2.44422745704651,0.300689786672592,0.171894758939743,0.0130692413076758,5.66822528839111,0,OK,2021-08-04,Lake Rotongaro,2838968.74023438,9338.80595485353,318_3,Lake Rotongaro,2021-08-04,26,TSS,0
49187,2020-08-12,S3B_OL_1_EFR____20200812T213324_20200812T213624_20200814T014509_0179_042_157_3600_LN1_O_NT_002.SEN3c2rcc.data,Lake Rotongaroiti,-1094850304,0.111409932374954,210.389892578125,47.3868064880371,57.9765243530273,10.5897235870361,0.00648955488577485,57.9830207824707,0.00100376072805375,274.9111328125,274.910095214844,73.1402435302734,30.8795967102051,0.0323838479816914,-37.4786262512207,175.105850219727,501.926727294922,-1868788224,0.0130182839930058,0.0120607474818826,0.0180172063410282,0.0199488196521997,0.023221192881465,0.0225183051079512,0.000721015618182719,0.00643247365951538,0.000830655684694648,0.00124588806647807,0.00212832936085761,0.0027617106679827,0.00408200407400727,0.00729020638391376,0.0115234246477485,0.0127023784443736,0.00944088865071535,0.0105641102418303,0.0127151301130652,0,0,0,0.00065325724426657,0,0.000808955519460142,0.00129089108668268,0.00210493174381554,0.00247906008735299,0.00354793411679566,0.00569650484248996,0.00849432032555342,0.00936387293040752,0.0781025514006615,0.131844967603683,0.219878286123276,0.0484993420541286,0.0972461402416229,0.197061896324158,0.22637502849102,0.227733597159386,0.225376516580582,0.162681519985199,0.232798889279366,0.0603779032826424,0.224272444844246,0.217474982142448,0.178053185343742,0.135124772787094,0.124695666134357,0.114649504423141,0.0910647809505463,0.0805897414684296,0.0773086100816727,5.09723520278931,5.68328905105591,2.15676498413086,0.00436109863221645,6.38282489776611,0.00076230417471379,47.8755722045898,39.2358818054199,0.0736887231469154,4.62846422195435,1.95412468910217,0.0021877798717469,40.5482635498047,0,OK,2020-08-13,Lake Rotongaroiti,445038.365234375,4080.10257406701,1976_5,Lake Rotongaroiti,2020-08-13,94,TSS,0
49200,2017-12-20,S3A_OL_1_EFR____20171220T211628_20171220T211928_20171222T015111_0180_025_385_3599_LN1_O_NT_002.SEN3c2rcc.data,Lake Hakanoa,-1737005696,60.5671653747559,72.0987777709961,17.9967460632324,22.5118618011475,4.51511764526367,2.75227737426758,25.2641410827637,0.16559399664402,90.262580871582,90.0969848632812,24.3311996459961,10.4084615707397,0.12950587272644,-37.5536575317383,175.168731689453,195.729278564453,-1704842752,0.00940935872495174,0.0124129196628928,0.0110937785357237,0.0124188726767898,0.00996890291571617,0.00919755827635527,0.00164483941625804,0.00224472256377339,0.00179584033321589,0.00241867615841329,0.0038295229896903,0.00479515874758363,0.00665597850456834,0.00836923252791166,0.00892121717333794,0.00891092140227556,0.00668468931689858,0.00936469715088606,0.0079041775316,0,0,0,0.00137460534460843,0,0.00158991932403296,0.00216516270302236,0.00320555735379457,0.00374756683595479,0.00508790509775281,0.00635149842128158,0.00645878771319985,0.00637787906453013,0.0848862007260323,0.11990961432457,0.153327479958534,0.0403305925428867,0.0745942518115044,0.137749239802361,0.154407322406769,0.149466529488564,0.146442964673042,0.0991525277495384,0.255919605493546,0.0299194268882275,0.166633546352386,0.236205831170082,0.192138224840164,0.146256178617477,0.133751779794693,0.121244482696056,0.100334107875824,0.0871630683541298,0.0840064138174057,1.81334114074707,1.9878488779068,0.685928821563721,0.267244815826416,2.13084769248962,0.146324843168259,11.5666694641113,9.73521709442139,5.35172843933105,1.49786984920502,0.640463709831238,0.00796473026275635,10.315806388855,0,OK,2017-12-21,Lake Hakanoa,564138.791015625,3359.07991923586,292_6,Lake Hakanoa,2017-12-21,53,TSS,0
49200,2019-02-14,S3B_OL_1_EFR____20190214T220306_20190214T220606_20200111T205956_0179_022_086_3600_MR1_R_NT_002.SEN3c2rcc.data,Lake Hakanoa,-2111618560,17.4767608642578,28.7434635162354,6.98886489868164,15.1436195373535,8.15475559234619,0.830074071884155,15.9736938476562,4.72486066818237,33.283260345459,28.5584011077881,13.1336193084717,4.94777202606201,0.308971494436264,-37.5525398254395,175.168151855469,17.101713180542,-1615384576,0.0107199652120471,0.0132296280935407,0.00641530146822333,0.00717274099588394,0.00356986816041172,0.00307218078523874,0.00343720708042383,0.000600072846282274,0.00369284930638969,0.00455724634230137,0.00678504584357142,0.00831665750592947,0.0120757212862372,0.012867508456111,0.0107075441628695,0.010163826867938,0.00965374894440174,0.0121023776009679,0.00571467261761427,0,0,0,0.00324925594031811,0,0.00356622016988695,0.00447421940043569,0.00652605714276433,0.00761133851483464,0.0110819498077035,0.0121126361191273,0.00965414848178625,0.00909421313554049,0.0531102046370506,0.0612670890986919,0.0580364167690277,0.0160959679633379,0.0287499204277992,0.0516396947205067,0.057912603020668,0.0498487576842308,0.0473059006035328,0.0297302696853876,0.141887679696083,0.00779803656041622,0.0549256391823292,0.130187004804611,0.104581162333488,0.0808193385601044,0.0755577757954597,0.0733069330453873,0.062714122235775,0.0550362877547741,0.0527573935687542,0.718481242656708,2.20628070831299,1.65586543083191,0.0952952653169632,2.24521327018738,0.891864240169525,4.60096836090088,4.66439151763916,1.83640217781067,1.0691009759903,0.385285288095474,0.0248897578567266,4.45767116546631,0,OK,2019-02-15,Lake Hakanoa,564138.791015625,3359.07991923586,292_6,Lake Hakanoa,2019-02-15,20,TSS,0
49200,2020-09-03,S3B_OL_1_EFR____20200903T220318_20200903T220618_20200905T020219_0179_043_086_3600_LN1_O_NT_002.SEN3c2rcc.data,Lake Hakanoa,-1402232960,13.2021446228027,51.2452239990234,8.81796360015869,18.6624069213867,9.84444332122803,0.634736835956573,19.2971439361572,0.259359389543533,61.8960952758789,61.6367340087891,18.636697769165,7.25099182128906,0.301416128873825,-37.5539016723633,175.169097900391,355.358306884766,-1796922880,0.020209701731801,0.0219660103321075,0.010539710521698,0.0118448352441192,0.00632939580827951,0.00554849347099662,0.000963257742114365,0.00116017402615398,0.00124055019114166,0.00238480139523745,0.00619882438331842,0.00907220505177975,0.0176937989890575,0.0219699777662754,0.0201531425118446,0.0194417927414179,0.0175032690167427,0.0195919889956713,0.00910645630210638,0,0,0,0.001024718163535,0,0.00133777305018157,0.00253281136974692,0.0060295439325273,0.00839066412299871,0.0158965606242418,0.0204418078064919,0.0178798642009497,0.0171803664416075,0.0653300881385803,0.0876480638980865,0.102051287889481,0.0250865183770657,0.0469969809055328,0.0906212851405144,0.103474989533424,0.0966181010007858,0.0940514728426933,0.0760992020368576,0.160240083932877,0.038671687245369,0.0972215756773949,0.14792312681675,0.120930515229702,0.0956381112337112,0.0892146676778793,0.0852102935314178,0.0748300850391388,0.0672336518764496,0.0649699121713638,0.985605239868164,2.71691656112671,1.79434585571289,0.091506764292717,2.80335187911987,0.235648587346077,10.089599609375,10.1409330368042,1.75925946235657,1.39762818813324,0.54140704870224,0.0260469689965248,9.24952983856201,0,OK,2020-09-04,Lake Hakanoa,564138.791015625,3359.07991923586,292_6,Lake Hakanoa,2020-09-04,42,TSS,0
50782,2017-12-20,S3A_OL_1_EFR____20171220T211628_20171220T211928_20171222T015111_0180_025_385_3599_LN1_O_NT_002.SEN3c2rcc.data,Lake Waikare,-2147483648,42.1144981384277,142.372589111328,5.77876901626587,6.70355701446533,0.924787759780884,1.95247673988342,8.65603351593018,0.69373744726181,181.642944335938,180.949203491211,12.5316467285156,7.24103736877441,0.138531893491745,-37.4328231811523,175.192596435547,0,-1602224128,0.0437259897589684,0.0578714162111282,0.0405939854681492,0.0447525940835476,0.0282571502029896,0.0251083206385374,0.0125601943582296,0.00510462466627359,0.0137371374294162,0.0173509009182453,0.0245010573416948,0.0289079565554857,0.038911510258913,0.0481561310589314,0.0445614866912365,0.0421629138290882,0.0314494147896767,0.0417017564177513,0.0291484240442514,0,0,0,0.00951060745865107,0,0.0104108983650804,0.0130809973925352,0.0181949771940708,0.0208447240293026,0.0280873626470566,0.0334952212870121,0.0313598066568375,0.0297516919672489,0.0811479687690735,0.128333255648613,0.0947563499212265,0.0273418482393026,0.0477825850248337,0.0836735665798187,0.0937705785036087,0.0602665916085243,0.0516212098300457,0.032205056399107,0.258560508489609,0.00821133237332106,0.0296651609241962,0.237914398312569,0.191147431731224,0.14628404378891,0.135878086090088,0.130414053797722,0.0983744263648987,0.0882822573184967,0.0809213444590569,0.471431195735931,0.444224089384079,0.191028729081154,0.141276508569717,0.472569644451141,0.611263811588287,19.0782871246338,17.4744110107422,2.74352478981018,0.572790384292603,0.33103135228157,0.00660940818488598,17.0423355102539,0,OK,2017-12-21,Lake Waikare,34386561.359375,42499.8109981334,326_4,Lake Waikare,2017-12-21,169,TSS,0
50782,2019-02-14,S3B_OL_1_EFR____20190214T220306_20190214T220606_20200111T205956_0179_022_086_3600_MR1_R_NT_002.SEN3c2rcc.data,Lake Waikare,-2147476480,11.8065814971924,39.7786293029785,1.73652791976929,3.0132110118866,1.2766832113266,0.574783205986023,3.58799433708191,0.0165061429142952,46.9115447998047,46.8950347900391,3.64047122001648,2.10061049461365,0.476111710071564,-37.4325637817383,175.192733764648,0,-1606418304,0.0296056494116783,0.033765371888876,0.0136664407327771,0.0152193382382393,0.00639257812872529,0.00532919354736805,0.00650141760706902,0.000867792696226388,0.00751466071233153,0.0109491376206279,0.0194757673889399,0.0249591525644064,0.037933424115181,0.0387523733079433,0.0304331425577402,0.0283762831240892,0.0262613166123629,0.0310746822506189,0.0119586857035756,0,0,0,0.00615794956684113,0,0.00730050727725029,0.0107859866693616,0.0186124779284,0.0227222945541143,0.0341392494738102,0.0359876863658428,0.0276462286710739,0.025093475356698,0.0444312393665314,0.0599850863218307,0.0323163829743862,0.010621240362525,0.0168417897075415,0.0279866624623537,0.0312571674585342,0.0209783539175987,0.018853573128581,0.0129183046519756,0.144643485546112,0.00493906997144222,0.0153542794287205,0.132626846432686,0.104618795216084,0.0789975598454475,0.0736677274107933,0.0795926302671432,0.0580865480005741,0.0501328147947788,0.0449913814663887,0.216668099164963,0.384741336107254,0.230238914489746,0.0866648480296135,0.392296373844147,0.0132372127845883,10.6156244277954,7.55871725082397,1.65035665035248,0.330669224262238,0.190582931041718,0.0476723611354828,9.8095121383667,0,OK,2019-02-15,Lake Waikare,34386561.359375,42499.8109981334,326_4,Lake Waikare,2019-02-15,30,TSS,0
50782,2020-07-08,S3B_OL_1_EFR____20200708T214053_20200708T214353_20200710T014727_0179_041_043_3600_LN1_O_NT_002.SEN3c2rcc.data,Lake Waikare,-2147483648,59.825798034668,90.7914123535156,9.4247465133667,11.5932664871216,2.16851997375488,2.73637390136719,14.3296403884888,6.45083999633789,112.670127868652,106.219291687012,19.4838447570801,10.2895908355713,0.0972109436988831,-37.431568145752,175.191116333008,0,-1605834496,0.0207283012568951,0.0296224802732468,0.0224785301834345,0.0250445827841759,0.0166780985891819,0.0149065675213933,0.00595528073608875,0.00315950182266533,0.00638718949630857,0.00792086310684681,0.0111803086474538,0.0132524808868766,0.0175173878669739,0.0214826464653015,0.0205711256712675,0.0196712482720613,0.0176764223724604,0.0248701982200146,0.0187711343169212,0,0,0,0.00554165290668607,0,0.00599283445626497,0.00737672997638583,0.0100762844085693,0.0115581471472979,0.0154548063874245,0.0183562617748976,0.017433213070035,0.0167508255690336,0.0599596351385117,0.100648686289787,0.0677661150693893,0.0183282308280468,0.02788339368999,0.0549273379147053,0.0651857554912567,0.0421669632196426,0.0373203903436661,0.0260820668190718,0.230899840593338,0.011055332608521,0.0223170723766088,0.213509425520897,0.172320261597633,0.127469420433044,0.112954035401344,0.0914803594350815,0.0730102434754372,0.0655816420912743,0.0601370558142662,0.76588898897171,0.746431946754456,0.350861668586731,0.191797912120819,0.791257739067078,1.97374629974365,11.2488994598389,8.80988693237305,3.77038264274597,0.985463798046112,0.520367503166199,0.00517913931980729,10.3603782653809,0,OK,2020-07-09,Lake Waikare,34386561.359375,42499.8109981334,326_4,Lake Waikare,2020-07-09,73,TSS,0
50782,2020-09-03,S3B_OL_1_EFR____20200903T220318_20200903T220618_20200905T020219_0179_043_086_3600_LN1_O_NT_002.SEN3c2rcc.data,Lake Waikare,-2147483648,19.3460330963135,32.3912811279297,2.27276349067688,13.3898067474365,11.1170434951782,0.923980116844177,14.3137874603271,0.571536123752594,37.7323722839355,37.1608390808105,9.6594934463501,3.00778794288635,0.336024612188339,-37.4315071105957,175.191116333008,0,-1610612736,0.016867496073246,0.0194841157644987,0.00903563946485519,0.0101806838065386,0.00465475162491202,0.00392372393980622,0.000756325898692012,0.000670191424433142,0.000973315793089569,0.00186688592657447,0.00487117283046246,0.00721241487190127,0.0144928926602006,0.0184957329183817,0.0168508142232895,0.0161485522985458,0.0147741520777345,0.0174918584525585,0.00775213865563273,0,0,0,0.00082126387860626,0,0.00107540341559798,0.00199872627854347,0.00473321136087179,0.00661400984972715,0.0129543161019683,0.0172094292938709,0.0147144319489598,0.0142338015139103,0.0506779477000237,0.0966819748282433,0.0527989454567432,0.0151171013712883,0.0252778436988592,0.045523677021265,0.0514455214142799,0.030376136302948,0.0256307795643806,0.0192442871630192,0.16065040230751,0.00792817957699299,0.0144077567383647,0.146382495760918,0.114208839833736,0.0837123095989227,0.0767712295055389,0.0787093117833138,0.0721452161669731,0.0579055957496166,0.0503230318427086,0.300611287355423,2.64346790313721,2.16566228866577,0.131551161408424,2.65558052062988,0.504307270050049,6.56128692626953,7.06252002716064,2.54750871658325,0.840048611164093,0.260306835174561,0.0307084508240223,6.23150825500488,0,OK,2020-09-04,Lake Waikare,34386561.359375,42499.8109981334,326_4,Lake Waikare,2020-09-04,81,TSS,0
50782,2021-08-03,S3A_OL_1_EFR____20210803T214258_20210803T214558_20210805T023013_0179_074_371_3600_LN1_O_NT_002.SEN3c2rcc.data,Lake Waikare,-2147483648,28.9618186950684,45.6420745849609,4.71094179153442,19.2108154296875,14.4998722076416,1.36199951171875,20.5728130340576,1.04284560680389,54.2896423339844,53.2467994689941,17.9659423828125,5.80799531936646,0.173260360956192,-37.4327125549316,175.192489624023,0,-1610612736,0.0162788368761539,0.0210450701415539,0.0126026486977935,0.0142137203365564,0.00781331397593021,0.00677174655720592,0.000881261192262173,0.00128382490947843,0.00109998940024525,0.00198462489061058,0.00467281835153699,0.00666734296828508,0.0123270470649004,0.0164931751787663,0.0160987805575132,0.0155050503090024,0.0136413779109716,0.0183764882385731,0.0103608518838882,0,0,0,0.000935400777962059,0,0.00119992299005389,0.0021355131175369,0.00447529274970293,0.00597606878727674,0.010604134760797,0.0146026313304901,0.0133464587852359,0.013062453828752,0.0653949677944183,0.117060288786888,0.0751626044511795,0.019868791103363,0.0349198877811432,0.0646091252565384,0.0728992968797684,0.0451478026807308,0.0391379594802856,0.0268842279911041,0.21461333334446,0.0100924642756581,0.0221636239439249,0.197352826595306,0.156861841678619,0.114475280046463,0.102661140263081,0.0913770943880081,0.085184283554554,0.0716991573572159,0.0646836757659912,0.591152310371399,3.88585710525513,2.96073484420776,0.176936432719231,3.91351318359375,0.949148714542389,12.5031595230103,10.5102300643921,3.46710252761841,1.81680202484131,0.588093996047974,0.0192402135580778,11.4454355239868,0,OK,2021-08-04,Lake Waikare,34386561.359375,42499.8109981334,326_4,Lake Waikare,2021-08-04,124,TSS,0
